{
  "global": [
    {
      "type": "SET_MODEL_NAME",
      "input": {
        "name": "Invoice"
      },
      "scope": "global",
      "id": "cd97e09b-11ba-46b9-813f-144f655285c2",
      "index": 0,
      "timestamp": "2025-04-28T10:22:27.623Z",
      "hash": "XWeNLdPN+fUZG2/wMAcLYQ4nxu0=",
      "skip": 0
    },
    {
      "type": "SET_STATE_SCHEMA",
      "input": {
        "schema": "type InvoiceState {\n  \"Add your global state fields here\"\n  _placeholder: String\n}",
        "scope": "global"
      },
      "scope": "global",
      "id": "3dd502a8-f79d-41e5-aec6-413db34f0ebb",
      "index": 1,
      "timestamp": "2025-04-28T10:22:27.625Z",
      "hash": "RGR6OZZZhZYnDiVZzovsC5y72h4=",
      "skip": 0
    },
    {
      "type": "SET_MODEL_ID",
      "input": {
        "id": "phdm"
      },
      "scope": "global",
      "id": "efb3bb89-e3f0-4ad0-9fb4-3ff8f818e983",
      "index": 2,
      "timestamp": "2025-04-28T10:22:56.310Z",
      "hash": "RRWZLNrmGkaTyZ0OW4FLjVyj0yk=",
      "skip": 0
    },
    {
      "type": "SET_MODEL_ID",
      "input": {
        "id": "powerhouse/invoice"
      },
      "scope": "global",
      "id": "b553c214-49e4-4843-ab65-3d2225b5be14",
      "index": 3,
      "timestamp": "2025-04-28T10:23:12.205Z",
      "hash": "a8WwXHKGltG/DsgsMm2wgP8x9yU=",
      "skip": 0
    },
    {
      "type": "SET_AUTHOR_NAME",
      "input": {
        "authorName": "Powerhuose"
      },
      "scope": "global",
      "id": "41afd946-53b3-42a8-88ca-89b0c0a60730",
      "index": 4,
      "timestamp": "2025-04-28T10:23:16.812Z",
      "hash": "JR140ZAKEh93poH2PGquxavfiPU=",
      "skip": 0
    },
    {
      "type": "SET_AUTHOR_NAME",
      "input": {
        "authorName": "Powerhouse"
      },
      "scope": "global",
      "id": "bef0fc0f-9e72-4bf9-bd24-9c3126f6b920",
      "index": 5,
      "timestamp": "2025-04-28T10:23:21.324Z",
      "hash": "lemjzlI8brVNs5EzUtFsijQyNiA=",
      "skip": 0
    },
    {
      "type": "SET_MODEL_DESCRIPTION",
      "input": {
        "description": "Invoice document model that allows a contributor to request compensations based on his contributions"
      },
      "scope": "global",
      "id": "6faf339a-1bc1-49ed-9530-becc64135f99",
      "index": 6,
      "timestamp": "2025-04-28T10:25:00.157Z",
      "hash": "hwvpLqQ2F3KJtyq8Mlpu/0GoWFs=",
      "skip": 0
    },
    {
      "type": "SET_AUTHOR_WEBSITE",
      "input": {
        "authorWebsite": "https://powerhouse.inc"
      },
      "scope": "global",
      "id": "6c7ef952-058a-4f50-9570-fc65c5e61e0f",
      "index": 7,
      "timestamp": "2025-04-28T10:25:06.787Z",
      "hash": "neyh52blRamAUAdeOUCf3iarEMQ=",
      "skip": 0
    },
    {
      "type": "SET_MODEL_EXTENSION",
      "input": {
        "extension": ".phdm"
      },
      "scope": "global",
      "id": "184b43a3-988b-4856-92e6-13d76b45194d",
      "index": 8,
      "timestamp": "2025-04-28T10:25:11.115Z",
      "hash": "QNfox6nlELcYA2h57/0uEYxFKm4=",
      "skip": 0
    },
    {
      "type": "SET_STATE_SCHEMA",
      "input": {
        "schema": "type InvoiceState {\n  invoiceNo: String!\n  dateIssued: String!\n  dateDue: String!\n  dateDelivered: String\n  status: Status!\n  refs: [Ref!]!\n  issuer: LegalEntity!\n  payer: LegalEntity!\n  currency: String!\n  lineItems: [InvoiceLineItem!]!\n  totalPriceTaxExcl: Float!\n  totalPriceTaxIncl: Float!\n}\n\n",
        "scope": "global"
      },
      "scope": "global",
      "id": "e351445b-2a6f-43e7-9b5e-529dda5f1dcf",
      "index": 9,
      "timestamp": "2025-04-28T10:25:38.510Z",
      "hash": "7GipWa2fOLo0E9RStU5jAZ//PNs=",
      "skip": 0
    },
    {
      "type": "SET_STATE_SCHEMA",
      "input": {
        "schema": "type InvoiceState {\n  invoiceNo: String!\n  dateIssued: String!\n  dateDue: String!\n  dateDelivered: String\n  status: Status!\n  refs: [Ref!]!\n  issuer: LegalEntity!\n  payer: LegalEntity!\n  currency: String!\n  lineItems: [InvoiceLineItem!]!\n  totalPriceTaxExcl: Float!\n  totalPriceTaxIncl: Float!\n}\n\ntype Ref {\n  id: OID!\n  value: String!\n}\n\ntype Token {\n  evmAddress: String\n  symbol: String\n  chainName: String\n  chainId: String\n  rpc: String\n}\n\ntype LegalEntity {\n  id: LegalEntityId\n  name: String\n  address: Address\n  contactInfo: ContactInfo\n  country: String\n  paymentRouting: PaymentRouting\n}\n\ntype Address {\n  streetAddress: String\n  extendedAddress: String\n  city: String\n  postalCode: String\n  country: String\n  stateProvince: String\n}\n\ntype ContactInfo {\n  tel: String\n  email: String\n}\n\ntype PaymentRouting {\n  bank: Bank\n  wallet: InvoiceWallet\n}\n\ntype Bank {\n  name: String!\n  address: Address!\n  ABA: String\n  BIC: String\n  SWIFT: String\n  accountNum: String!\n  accountType: AccountType\n  beneficiary: String\n  intermediaryBank: IntermediaryBank\n  memo: String\n}\n\ntype IntermediaryBank {\n  name: String!\n  address: Address!\n  ABA: String\n  BIC: String\n  SWIFT: String\n  accountNum: String!\n  accountType: AccountType\n  beneficiary: String\n  memo: String\n}\n\ntype InvoiceWallet {\n  rpc: String\n  chainName: String\n  chainId: String\n  address: String\n}\n\ntype InvoiceLineItem {\n  id: OID!\n  description: String!\n  taxPercent: Float!\n  quantity: Float!\n  currency: String!\n  unitPriceTaxExcl: Float!\n  unitPriceTaxIncl: Float!\n  totalPriceTaxExcl: Float!\n  totalPriceTaxIncl: Float!\n}\n\nunion LegalEntityId = LegalEntityTaxId | LegalEntityCorporateRegistrationId\n\ntype LegalEntityTaxId {\n  taxId: String!\n}\n\ntype LegalEntityCorporateRegistrationId {\n  corpRegId: String!\n}\n\nenum Status {\n  DRAFT\n  ISSUED\n  ACCEPTED\n  REJECTED\n  PAID\n}\n\nenum AccountType {\n  CHECKING\n  SAVINGS\n  TRUST\n  WALLET\n}",
        "scope": "global"
      },
      "scope": "global",
      "id": "ad503a00-6903-49fd-a143-061bb4466c3d",
      "index": 10,
      "timestamp": "2025-04-28T10:26:06.572Z",
      "hash": "j0/yW1vJvXa8KlYPiXTEI0yG+BI=",
      "skip": 0
    },
    {
      "type": "SET_INITIAL_STATE",
      "input": {
        "initialValue": "{}",
        "scope": "global"
      },
      "scope": "global",
      "id": "5ee88491-c85e-4ce6-8f46-de88859b9d8d",
      "index": 11,
      "timestamp": "2025-04-28T10:27:12.965Z",
      "hash": "QzIuhTh4PvQ26Sx8YIgbxc71EI0=",
      "skip": 0
    },
    {
      "type": "ADD_MODULE",
      "input": {
        "id": "WDJ7NWCy8TEDk1TWvr0F+VXvIqc=",
        "name": "general"
      },
      "scope": "global",
      "id": "7ab7e845-3623-4a7a-baef-25d39680e120",
      "index": 12,
      "timestamp": "2025-04-28T10:27:35.596Z",
      "hash": "DBwjFXqNJcRXaNGF4io9Wrm6LLI=",
      "skip": 0
    },
    {
      "type": "ADD_OPERATION",
      "input": {
        "id": "8Ld7B60Upub1CNmVrx3TMzmyl54=",
        "moduleId": "WDJ7NWCy8TEDk1TWvr0F+VXvIqc=",
        "name": "EDIT_INVOICE"
      },
      "scope": "global",
      "id": "43e0a048-2b39-42c0-8a15-7d044f1c99f6",
      "index": 13,
      "timestamp": "2025-04-28T10:27:42.972Z",
      "hash": "2x5Wt0zbVCeWzeuJDTMNg7zrg68=",
      "skip": 0
    },
    {
      "type": "SET_OPERATION_SCHEMA",
      "input": {
        "id": "8Ld7B60Upub1CNmVrx3TMzmyl54=",
        "schema": "input EditInvoiceInput {\n  \"Add your inputs here\"\n  _placeholder: String\n}"
      },
      "scope": "global",
      "id": "4acc8f03-0baa-4592-aac5-8930799b56be",
      "index": 14,
      "timestamp": "2025-04-28T10:27:42.997Z",
      "hash": "/1FAIN5ahFEyGl+7MLdKyA538v8=",
      "skip": 0
    },
    {
      "type": "SET_OPERATION_SCHEMA",
      "input": {
        "id": "8Ld7B60Upub1CNmVrx3TMzmyl54=",
        "schema": "input EditInvoiceInput {\n    invoiceNo: String\n    dateIssued: String\n    dateDue: String\n    dateDelivered: String\n    currency: String\n}"
      },
      "scope": "global",
      "id": "cd6c1385-d62f-464b-a4a7-690dd72fce85",
      "index": 15,
      "timestamp": "2025-04-28T10:28:01.565Z",
      "hash": "+OMiYrnyjv/8YaHKUU0YHu8BXyI=",
      "skip": 0
    },
    {
      "type": "ADD_OPERATION",
      "input": {
        "id": "cCXTmSu1J8VoyDQAk9l/ub3SjWw=",
        "moduleId": "WDJ7NWCy8TEDk1TWvr0F+VXvIqc=",
        "name": "EDIT_STATUS"
      },
      "scope": "global",
      "id": "2e0d4ecf-c72a-4254-ac6f-c3565c43f96f",
      "index": 16,
      "timestamp": "2025-04-28T10:28:09.883Z",
      "hash": "ptfbRYT5JHdduDR3rfJLJYsWirE=",
      "skip": 0
    },
    {
      "type": "SET_OPERATION_SCHEMA",
      "input": {
        "id": "cCXTmSu1J8VoyDQAk9l/ub3SjWw=",
        "schema": "input EditStatusInput {\n  \"Add your inputs here\"\n  _placeholder: String\n}"
      },
      "scope": "global",
      "id": "b42ae300-6dcd-4885-b9bb-b28e88678b67",
      "index": 17,
      "timestamp": "2025-04-28T10:28:09.912Z",
      "hash": "8ueEIISFxBp8K+v5HiI6sT6b8vo=",
      "skip": 0
    },
    {
      "type": "SET_OPERATION_SCHEMA",
      "input": {
        "id": "cCXTmSu1J8VoyDQAk9l/ub3SjWw=",
        "schema": "input EditStatusInput {\n  status: Status!\n}"
      },
      "scope": "global",
      "id": "b16814dc-90ba-42c6-b529-6566030647b1",
      "index": 18,
      "timestamp": "2025-04-28T10:28:19.917Z",
      "hash": "ya9x35ub0RnTbpqFrSt+qEpzLS4=",
      "skip": 0
    },
    {
      "type": "ADD_OPERATION",
      "input": {
        "id": "1OkChgHSA5jIpjIGS6MVVxGyfM8=",
        "moduleId": "WDJ7NWCy8TEDk1TWvr0F+VXvIqc=",
        "name": "ADD_REF"
      },
      "scope": "global",
      "id": "98adc745-9210-43b5-8505-d47996e12619",
      "index": 19,
      "timestamp": "2025-04-28T10:28:26.298Z",
      "hash": "ZGVjqN4/L2nARJNybqVt1U4OkOo=",
      "skip": 0
    },
    {
      "type": "SET_OPERATION_SCHEMA",
      "input": {
        "id": "1OkChgHSA5jIpjIGS6MVVxGyfM8=",
        "schema": "input AddRefInput {\n  \"Add your inputs here\"\n  _placeholder: String\n}"
      },
      "scope": "global",
      "id": "b2425015-8343-4378-b009-9e31829dae36",
      "index": 20,
      "timestamp": "2025-04-28T10:28:26.322Z",
      "hash": "EHErNtn3ugjRrMAukrb42+o8XZc=",
      "skip": 0
    },
    {
      "type": "SET_OPERATION_SCHEMA",
      "input": {
        "id": "1OkChgHSA5jIpjIGS6MVVxGyfM8=",
        "schema": "input AddRefInput {\n    id: OID!\n    value: String!\n}"
      },
      "scope": "global",
      "id": "f22fc7a5-3afc-4525-b31d-f94475a67065",
      "index": 21,
      "timestamp": "2025-04-28T10:28:38.817Z",
      "hash": "So++JvXILbXOcvVVzhUXoLUxydU=",
      "skip": 0
    },
    {
      "type": "ADD_OPERATION",
      "input": {
        "id": "581o1DMt70KKGjJ2r71DvorNcXA=",
        "moduleId": "WDJ7NWCy8TEDk1TWvr0F+VXvIqc=",
        "name": "EDIT_REF"
      },
      "scope": "global",
      "id": "642839b1-2fbb-4f1f-bd6f-0f2b3e33bf92",
      "index": 22,
      "timestamp": "2025-04-28T10:28:41.810Z",
      "hash": "Uz0tzBTTy2RNsYMiG9ZjHrZDzNs=",
      "skip": 0
    },
    {
      "type": "SET_OPERATION_SCHEMA",
      "input": {
        "id": "581o1DMt70KKGjJ2r71DvorNcXA=",
        "schema": "input EditRefInput {\n  \"Add your inputs here\"\n  _placeholder: String\n}"
      },
      "scope": "global",
      "id": "50aa5a7d-792c-440e-b4bc-a1a706b4b775",
      "index": 23,
      "timestamp": "2025-04-28T10:28:41.833Z",
      "hash": "pJFbUfwNHzzFiiWgrz4tA5FZ1/0=",
      "skip": 0
    },
    {
      "type": "SET_OPERATION_SCHEMA",
      "input": {
        "id": "581o1DMt70KKGjJ2r71DvorNcXA=",
        "schema": "input EditRefInput {\n    id: OID!\n    value: String!\n}"
      },
      "scope": "global",
      "id": "57fb7fa5-d3ed-46a2-b5c8-5060b82fc840",
      "index": 24,
      "timestamp": "2025-04-28T10:28:53.591Z",
      "hash": "ZCzyr50mRjH3ShpPr+BPdHdUdbQ=",
      "skip": 0
    },
    {
      "type": "ADD_OPERATION",
      "input": {
        "id": "1a8Gp073BABmS4Qg7ydVPhHQYoA=",
        "moduleId": "WDJ7NWCy8TEDk1TWvr0F+VXvIqc=",
        "name": "DELETE_REF"
      },
      "scope": "global",
      "id": "66c22cc4-6ce0-4ce1-b57b-5855f2569eb9",
      "index": 25,
      "timestamp": "2025-04-28T10:29:01.313Z",
      "hash": "vbsOqC1JgH8FZCfWepICnBAT5Ag=",
      "skip": 0
    },
    {
      "type": "SET_OPERATION_SCHEMA",
      "input": {
        "id": "1a8Gp073BABmS4Qg7ydVPhHQYoA=",
        "schema": "input DeleteRefInput {\n  \"Add your inputs here\"\n  _placeholder: String\n}"
      },
      "scope": "global",
      "id": "1ff84c3f-2e11-4c2d-9571-5925241f6327",
      "index": 26,
      "timestamp": "2025-04-28T10:29:01.339Z",
      "hash": "x6rriM5PBFEytBdBmFz3t45sfRE=",
      "skip": 0
    },
    {
      "type": "SET_OPERATION_SCHEMA",
      "input": {
        "id": "1a8Gp073BABmS4Qg7ydVPhHQYoA=",
        "schema": "input DeleteRefInput {\n  id: OID!\n}"
      },
      "scope": "global",
      "id": "d3fd19f5-0cd2-4af0-b03d-b030ea5e2853",
      "index": 27,
      "timestamp": "2025-04-28T10:29:15.606Z",
      "hash": "/s0Avsg1I1FVgmQBWJXdMCHZ194=",
      "skip": 0
    },
    {
      "type": "ADD_MODULE",
      "input": {
        "id": "M8OqnRBEHn6EHQTyrx826u5xAJg=",
        "name": "parties"
      },
      "scope": "global",
      "id": "b72b2287-85e6-4c07-8d10-eb95361bc914",
      "index": 28,
      "timestamp": "2025-04-28T10:29:23.992Z",
      "hash": "xGSSgm/phcs6WANtLbj5g8uVSO8=",
      "skip": 0
    },
    {
      "type": "ADD_OPERATION",
      "input": {
        "id": "HSnSU0WWJ8ytXGtuYqKPy8mccB4=",
        "moduleId": "M8OqnRBEHn6EHQTyrx826u5xAJg=",
        "name": "EDIT_ISSUER"
      },
      "scope": "global",
      "id": "e7bbcdec-e5f1-4109-af7f-87da354fe76d",
      "index": 29,
      "timestamp": "2025-04-28T10:29:34.784Z",
      "hash": "Y7YslMFcIdXC8jC/2we/0gP5AXM=",
      "skip": 0
    },
    {
      "type": "SET_OPERATION_SCHEMA",
      "input": {
        "id": "HSnSU0WWJ8ytXGtuYqKPy8mccB4=",
        "schema": "input EditIssuerInput {\n  \"Add your inputs here\"\n  _placeholder: String\n}"
      },
      "scope": "global",
      "id": "384f4dce-7411-4335-b324-15d213be50d6",
      "index": 30,
      "timestamp": "2025-04-28T10:29:34.813Z",
      "hash": "NpMuX13RMn63yK9EJZEeYUs8erg=",
      "skip": 0
    },
    {
      "type": "SET_OPERATION_SCHEMA",
      "input": {
        "id": "HSnSU0WWJ8ytXGtuYqKPy8mccB4=",
        "schema": "input EditIssuerInput {\n    id: String\n    name: String\n    streetAddress: String\n    extendedAddress: String\n    city: String\n    postalCode: String\n    country: String\n    stateProvince: String\n    tel: String\n    email: String\n}"
      },
      "scope": "global",
      "id": "ce389a48-2cce-438e-86d3-4c3bf9b81bb3",
      "index": 31,
      "timestamp": "2025-04-28T10:29:46.089Z",
      "hash": "jV8g9gWLT1W486KXH+GYWTu6OSE=",
      "skip": 0
    },
    {
      "type": "ADD_OPERATION",
      "input": {
        "id": "nq2GFV2bmGet6sNlA2XytS7cPA0=",
        "moduleId": "M8OqnRBEHn6EHQTyrx826u5xAJg=",
        "name": "EDIT_ISSUER_BANK"
      },
      "scope": "global",
      "id": "c56cae9f-593a-48be-8bd6-9c129f6a50d2",
      "index": 32,
      "timestamp": "2025-04-28T10:29:55.879Z",
      "hash": "aFNmTncerMjoJkxKLz9HQXjspbQ=",
      "skip": 0
    },
    {
      "type": "SET_OPERATION_SCHEMA",
      "input": {
        "id": "nq2GFV2bmGet6sNlA2XytS7cPA0=",
        "schema": "input EditIssuerBankInput {\n  \"Add your inputs here\"\n  _placeholder: String\n}"
      },
      "scope": "global",
      "id": "650eee0e-b717-4169-8f8b-52011c23568e",
      "index": 33,
      "timestamp": "2025-04-28T10:29:55.925Z",
      "hash": "CNOAmHkrJRvM8QvXu/Q/8YIEP3E=",
      "skip": 0
    },
    {
      "type": "SET_OPERATION_SCHEMA",
      "input": {
        "id": "nq2GFV2bmGet6sNlA2XytS7cPA0=",
        "schema": "input EditIssuerBankInput {\n  name: String\n    streetAddress: String\n    extendedAddress: String\n    city: String\n    postalCode: String\n    country: String\n    stateProvince: String\n    ABA: String\n    BIC: String\n    SWIFT: String\n    accountNum: String\n    accountType: AccountType\n    beneficiary: String\n    memo: String\n    # intermediaryBank\n    nameIntermediary: String\n    streetAddressIntermediary: String\n    extendedAddressIntermediary: String\n    cityIntermediary: String\n    postalCodeIntermediary: String\n    countryIntermediary: String\n    stateProvinceIntermediary: String\n    ABAIntermediary: String\n    BICIntermediary: String\n    SWIFTIntermediary: String\n    accountNumIntermediary: String\n    accountTypeIntermediary: AccountType\n    beneficiaryIntermediary: String\n    memoIntermediary: String\n}"
      },
      "scope": "global",
      "id": "b52dbbbf-cd0f-4f7f-9812-985c27e52d34",
      "index": 34,
      "timestamp": "2025-04-28T10:30:10.274Z",
      "hash": "DZUUm/HHG4HkCC/h6h5cwvAIX9o=",
      "skip": 0
    },
    {
      "type": "ADD_OPERATION",
      "input": {
        "id": "XtXz6W0lScsBwPkaWofR9LtWjm0=",
        "moduleId": "M8OqnRBEHn6EHQTyrx826u5xAJg=",
        "name": "EDIT_ISSUER_WALLET"
      },
      "scope": "global",
      "id": "7992a1d7-cc04-4cf7-9526-aaac4bf52ce5",
      "index": 35,
      "timestamp": "2025-04-28T10:30:28.790Z",
      "hash": "R8+p1kSKHx9TQpoEQZlkNbBcMq0=",
      "skip": 0
    },
    {
      "type": "SET_OPERATION_SCHEMA",
      "input": {
        "id": "XtXz6W0lScsBwPkaWofR9LtWjm0=",
        "schema": "input EditIssuerWalletInput {\n  \"Add your inputs here\"\n  _placeholder: String\n}"
      },
      "scope": "global",
      "id": "3b5f2415-4247-44af-af53-c244db08785f",
      "index": 36,
      "timestamp": "2025-04-28T10:30:28.825Z",
      "hash": "5N10cfveYchlMgKH6I3uRQekMxI=",
      "skip": 0
    },
    {
      "type": "SET_OPERATION_SCHEMA",
      "input": {
        "id": "XtXz6W0lScsBwPkaWofR9LtWjm0=",
        "schema": "input EditIssuerWalletInput {\n    rpc: String\n    chainName: String\n    chainId: String\n    address: String\n}"
      },
      "scope": "global",
      "id": "f08b2cc4-f51b-4ded-8f40-19e9fa6effdb",
      "index": 37,
      "timestamp": "2025-04-28T10:30:38.808Z",
      "hash": "9co5pvBkAINOIG9iAWvqGhITtZE=",
      "skip": 0
    },
    {
      "type": "ADD_OPERATION",
      "input": {
        "id": "Lt7r5VNsfyWZhAlm/g3VY0buEhM=",
        "moduleId": "M8OqnRBEHn6EHQTyrx826u5xAJg=",
        "name": "EDIT_PAYER"
      },
      "scope": "global",
      "id": "2e066c43-4971-4586-9140-fbed76b47628",
      "index": 38,
      "timestamp": "2025-04-28T10:30:42.630Z",
      "hash": "9CbFHI0tzY+JTlp0zsJ5maYfiIg=",
      "skip": 0
    },
    {
      "type": "SET_OPERATION_SCHEMA",
      "input": {
        "id": "Lt7r5VNsfyWZhAlm/g3VY0buEhM=",
        "schema": "input EditPayerInput {\n  \"Add your inputs here\"\n  _placeholder: String\n}"
      },
      "scope": "global",
      "id": "b6cf986c-c83d-4105-aebe-c9d7e7d98cab",
      "index": 39,
      "timestamp": "2025-04-28T10:30:42.662Z",
      "hash": "8p7I4c/f2p6OU73yqwvpROeLGs8=",
      "skip": 0
    },
    {
      "type": "SET_OPERATION_SCHEMA",
      "input": {
        "id": "Lt7r5VNsfyWZhAlm/g3VY0buEhM=",
        "schema": "input EditPayerInput {\n    id: String\n    name: String\n    streetAddress: String\n    extendedAddress: String\n    city: String\n    postalCode: String\n    country: String\n    stateProvince: String\n    tel: String\n    email: String\n}"
      },
      "scope": "global",
      "id": "bbd66b37-982a-47ea-bed1-546934b184c4",
      "index": 40,
      "timestamp": "2025-04-28T10:30:54.893Z",
      "hash": "rkQ/DCuXS3+YrUFd7w56cZ3I9Bg=",
      "skip": 0
    },
    {
      "type": "ADD_OPERATION",
      "input": {
        "id": "Ibn3ArEEpicKLmrfE37zsq78Qeg=",
        "moduleId": "M8OqnRBEHn6EHQTyrx826u5xAJg=",
        "name": "EDIT_PAYER_BANK"
      },
      "scope": "global",
      "id": "ba671bd6-e4eb-44aa-aeef-87269242cdfd",
      "index": 41,
      "timestamp": "2025-04-28T10:31:00.661Z",
      "hash": "7iBbFkJvvL9djARwd2o6djWWeAY=",
      "skip": 0
    },
    {
      "type": "SET_OPERATION_SCHEMA",
      "input": {
        "id": "Ibn3ArEEpicKLmrfE37zsq78Qeg=",
        "schema": "input EditPayerBankInput {\n  \"Add your inputs here\"\n  _placeholder: String\n}"
      },
      "scope": "global",
      "id": "1409e5c6-dc54-41b4-a939-f6e31a30b48d",
      "index": 42,
      "timestamp": "2025-04-28T10:31:00.700Z",
      "hash": "VrILttG7uW7+nsL5U4dTFxDwPBs=",
      "skip": 0
    },
    {
      "type": "SET_OPERATION_SCHEMA",
      "input": {
        "id": "Ibn3ArEEpicKLmrfE37zsq78Qeg=",
        "schema": "input EditPayerBankInput {\n    name: String\n    streetAddress: String\n    extendedAddress: String\n    city: String\n    postalCode: String\n    country: String\n    stateProvince: String\n    ABA: String\n    BIC: String\n    SWIFT: String\n    accountNum: String\n    accountType: AccountType\n    beneficiary: String\n    memo: String\n    # intermediaryBank\n    nameIntermediary: String\n    streetAddressIntermediary: String\n    extendedAddressIntermediary: String\n    cityIntermediary: String\n    postalCodeIntermediary: String\n    countryIntermediary: String\n    stateProvinceIntermediary: String\n    ABAIntermediary: String\n    BICIntermediary: String\n    SWIFTIntermediary: String\n    accountNumIntermediary: String\n    accountTypeIntermediary: AccountType\n    beneficiaryIntermediary: String\n    memoIntermediary: String\n}"
      },
      "scope": "global",
      "id": "45008ddc-f273-4ccf-85af-e32f552aa357",
      "index": 43,
      "timestamp": "2025-04-28T10:31:12.360Z",
      "hash": "kdFkohM/3nWI8UQUyOkkYLohNDY=",
      "skip": 0
    },
    {
      "type": "ADD_OPERATION",
      "input": {
        "id": "uEdf8IAGEgC8tiZRKn9WI4O/7KY=",
        "moduleId": "M8OqnRBEHn6EHQTyrx826u5xAJg=",
        "name": "EDIT_PAYER_WALLET"
      },
      "scope": "global",
      "id": "81b90bfd-3d3a-4581-95e1-3ebb73147832",
      "index": 44,
      "timestamp": "2025-04-28T10:31:19.772Z",
      "hash": "Yhf2YWJaUegCq4mlIJ1UrSIm1F4=",
      "skip": 0
    },
    {
      "type": "SET_OPERATION_SCHEMA",
      "input": {
        "id": "uEdf8IAGEgC8tiZRKn9WI4O/7KY=",
        "schema": "input EditPayerWalletInput {\n  \"Add your inputs here\"\n  _placeholder: String\n}"
      },
      "scope": "global",
      "id": "c791b972-6720-43bf-a7b8-85f0bf08c81e",
      "index": 45,
      "timestamp": "2025-04-28T10:31:19.817Z",
      "hash": "Ble3Sj0XmC2J3D/Zo6UAwzpjJt4=",
      "skip": 0
    },
    {
      "type": "SET_OPERATION_SCHEMA",
      "input": {
        "id": "uEdf8IAGEgC8tiZRKn9WI4O/7KY=",
        "schema": "input EditPayerWalletInput {\n    rpc: String\n    chainName: String\n    chainId: String\n    address: String\n}"
      },
      "scope": "global",
      "id": "42bcba9d-f469-4d1f-a8b9-15100874f93a",
      "index": 46,
      "timestamp": "2025-04-28T10:31:35.763Z",
      "hash": "MA4HMJvw9uESJ0L65XN39NckYFc=",
      "skip": 0
    },
    {
      "type": "ADD_MODULE",
      "input": {
        "id": "V6qGoeW+8RP3CHE0XQiBYOy4EKI=",
        "name": "items"
      },
      "scope": "global",
      "id": "78a7f9db-34b4-48d3-9c70-7c20d199b080",
      "index": 47,
      "timestamp": "2025-04-28T10:31:38.108Z",
      "hash": "z0QMRzhBrUTnTNUvhM8AHG4UL4s=",
      "skip": 0
    },
    {
      "type": "ADD_OPERATION",
      "input": {
        "id": "+Y7o2f0Ht0lsDpoR9FlQwEwzaFU=",
        "moduleId": "V6qGoeW+8RP3CHE0XQiBYOy4EKI=",
        "name": "ADD_LINE_ITEM"
      },
      "scope": "global",
      "id": "0fc77733-fa9a-465f-bf9c-15952391b99f",
      "index": 48,
      "timestamp": "2025-04-28T10:31:45.908Z",
      "hash": "p1Tvzy6C6LoUKpQbz5WBZaSACAs=",
      "skip": 0
    },
    {
      "type": "SET_OPERATION_SCHEMA",
      "input": {
        "id": "+Y7o2f0Ht0lsDpoR9FlQwEwzaFU=",
        "schema": "input AddLineItemInput {\n  \"Add your inputs here\"\n  _placeholder: String\n}"
      },
      "scope": "global",
      "id": "c0be6adb-0bb7-44e8-a956-368f873cdb08",
      "index": 49,
      "timestamp": "2025-04-28T10:31:45.957Z",
      "hash": "VmQ/czGyec6jyLLrpBhpp8CYvRc=",
      "skip": 0
    },
    {
      "type": "SET_OPERATION_SCHEMA",
      "input": {
        "id": "+Y7o2f0Ht0lsDpoR9FlQwEwzaFU=",
        "schema": "input AddLineItemInput {\n    id: OID!\n    description: String!\n    taxPercent: Float!\n    quantity: Float!\n    currency: String! # Default can be USD\n    unitPriceTaxExcl: Float!\n    unitPriceTaxIncl: Float!\n    totalPriceTaxExcl: Float!\n    totalPriceTaxIncl: Float!\n}"
      },
      "scope": "global",
      "id": "04b7fc7a-6ca8-49d7-a6d1-18e1dd85d17c",
      "index": 50,
      "timestamp": "2025-04-28T10:31:56.345Z",
      "hash": "Jw1+Vtf/ZqbMMpxmWk+cZaaQvEg=",
      "skip": 0
    },
    {
      "type": "ADD_OPERATION",
      "input": {
        "id": "PCi10xZY1UKyAAsV/etTfQSULa0=",
        "moduleId": "V6qGoeW+8RP3CHE0XQiBYOy4EKI=",
        "name": "EDIT_LINE_ITEM"
      },
      "scope": "global",
      "id": "e376827f-c899-4566-bde2-2a933ec03d2e",
      "index": 51,
      "timestamp": "2025-04-28T10:32:02.035Z",
      "hash": "Y50O71wTK7JHgVYSc/AlHqquhWk=",
      "skip": 0
    },
    {
      "type": "SET_OPERATION_SCHEMA",
      "input": {
        "id": "PCi10xZY1UKyAAsV/etTfQSULa0=",
        "schema": "input EditLineItemInput {\n  \"Add your inputs here\"\n  _placeholder: String\n}"
      },
      "scope": "global",
      "id": "4a29e668-6b66-4782-aa11-2ab13f3c079b",
      "index": 52,
      "timestamp": "2025-04-28T10:32:02.083Z",
      "hash": "8U4JHSakAEdjSLmGOzLe3q1PnLY=",
      "skip": 0
    },
    {
      "type": "SET_OPERATION_SCHEMA",
      "input": {
        "id": "PCi10xZY1UKyAAsV/etTfQSULa0=",
        "schema": "input EditLineItemInput {\n    id: OID!\n    description: String\n    taxPercent: Float\n    quantity: Float\n    currency: String\n    unitPriceTaxExcl: Float\n    unitPriceTaxIncl: Float\n    totalPriceTaxExcl: Float\n    totalPriceTaxIncl: Float\n}"
      },
      "scope": "global",
      "id": "b215c3e6-8d54-4c56-ae82-679fae37accd",
      "index": 53,
      "timestamp": "2025-04-28T10:32:12.683Z",
      "hash": "wK1r5dZVxa2PG21NQH9s7nzqxXw=",
      "skip": 0
    },
    {
      "type": "ADD_OPERATION",
      "input": {
        "id": "E9/QRfqZQuNXj/f2sO2HeEjojUI=",
        "moduleId": "V6qGoeW+8RP3CHE0XQiBYOy4EKI=",
        "name": "DELETE_LINE_ITEM"
      },
      "scope": "global",
      "id": "317c3b33-f8cd-46d1-8641-c0d3b1fdd41b",
      "index": 54,
      "timestamp": "2025-04-28T10:32:16.858Z",
      "hash": "S++19rnvi/CNza58Vpj9JNZZe8s=",
      "skip": 0
    },
    {
      "type": "SET_OPERATION_SCHEMA",
      "input": {
        "id": "E9/QRfqZQuNXj/f2sO2HeEjojUI=",
        "schema": "input DeleteLineItemInput {\n  \"Add your inputs here\"\n  _placeholder: String\n}"
      },
      "scope": "global",
      "id": "7fa0cc50-0c63-46aa-ac06-715aea50f642",
      "index": 55,
      "timestamp": "2025-04-28T10:32:16.905Z",
      "hash": "zCQhHnD+EXdLgfv9r5rn8phbAKg=",
      "skip": 0
    },
    {
      "type": "SET_OPERATION_SCHEMA",
      "input": {
        "id": "E9/QRfqZQuNXj/f2sO2HeEjojUI=",
        "schema": "input DeleteLineItemInput {\n  id: OID!\n}"
      },
      "scope": "global",
      "id": "049030b1-c990-4a69-866f-304342d61368",
      "index": 56,
      "timestamp": "2025-04-28T10:32:24.211Z",
      "hash": "EqwTrKwIP6rFy3AtQJtAgsPfmcM=",
      "skip": 0
    },
    {
      "type": "SET_INITIAL_STATE",
      "input": {
        "initialValue": "{\n  \"invoiceNo\": \"\",\n  \"dateIssued\": \"\",\n  \"dateDue\": \"\",\n  \"dateDelivered\": \"\",\n  \"status\": \"DRAFT\",\n  \"refs\": [],\n  \"issuer\": {\n    \"id\": null,\n    \"name\": \"\",\n    \"address\": {\n      \"streetAddress\": \"\",\n      \"extendedAddress\": \"\",\n      \"city\": \"\",\n      \"postalCode\": \"\",\n      \"country\": \"\",\n      \"stateProvince\": \"\"\n    },\n    \"contactInfo\": {\n      \"tel\": \"\",\n      \"email\": \"\"\n    },\n    \"country\": \"\",\n    \"paymentRouting\": {\n      \"bank\": {\n        \"name\": \"\",\n        \"address\": {\n          \"streetAddress\": \"\",\n          \"extendedAddress\": \"\",\n          \"city\": \"\",\n          \"postalCode\": \"\",\n          \"country\": \"\",\n          \"stateProvince\": \"\"\n        },\n        \"ABA\": \"\",\n        \"BIC\": \"\",\n        \"SWIFT\": \"\",\n        \"accountNum\": \"\",\n        \"accountType\": \"CHECKING\",\n        \"beneficiary\": \"\",\n        \"intermediaryBank\": {\n          \"name\": \"\",\n          \"address\": {\n            \"streetAddress\": \"\",\n            \"extendedAddress\": \"\",\n            \"city\": \"\",\n            \"postalCode\": \"\",\n            \"country\": \"\",\n            \"stateProvince\": \"\"\n          },\n          \"ABA\": \"\",\n          \"BIC\": \"\",\n          \"SWIFT\": \"\",\n          \"accountNum\": \"\",\n          \"accountType\": \"CHECKING\",\n          \"beneficiary\": \"\",\n          \"memo\": \"\"\n        },\n        \"memo\": \"\"\n      },\n      \"wallet\": {\n        \"rpc\": \"\",\n        \"chainName\": \"\",\n        \"chainId\": \"\",\n        \"address\": \"\"\n      }\n    }\n  },\n  \"payer\": {\n    \"id\": null,\n    \"name\": \"\",\n    \"address\": {\n      \"streetAddress\": \"\",\n      \"extendedAddress\": \"\",\n      \"city\": \"\",\n      \"postalCode\": \"\",\n      \"country\": \"\",\n      \"stateProvince\": \"\"\n    },\n    \"contactInfo\": {\n      \"tel\": \"\",\n      \"email\": \"\"\n    },\n    \"country\": \"\",\n    \"paymentRouting\": {\n      \"bank\": {\n        \"name\": \"\",\n        \"address\": {\n          \"streetAddress\": \"\",\n          \"extendedAddress\": \"\",\n          \"city\": \"\",\n          \"postalCode\": \"\",\n          \"country\": \"\",\n          \"stateProvince\": \"\"\n        },\n        \"ABA\": \"\",\n        \"BIC\": \"\",\n        \"SWIFT\": \"\",\n        \"accountNum\": \"\",\n        \"accountType\": \"CHECKING\",\n        \"beneficiary\": \"\",\n        \"intermediaryBank\": {\n          \"name\": \"\",\n          \"address\": {\n            \"streetAddress\": \"\",\n            \"extendedAddress\": \"\",\n            \"city\": \"\",\n            \"postalCode\": \"\",\n            \"country\": \"\",\n            \"stateProvince\": \"\"\n          },\n          \"ABA\": \"\",\n          \"BIC\": \"\",\n          \"SWIFT\": \"\",\n          \"accountNum\": \"\",\n          \"accountType\": \"CHECKING\",\n          \"beneficiary\": \"\",\n          \"memo\": \"\"\n        },\n        \"memo\": \"\"\n      },\n      \"wallet\": {\n        \"rpc\": \"\",\n        \"chainName\": \"\",\n        \"chainId\": \"\",\n        \"address\": \"\"\n      }\n    }\n  },\n  \"currency\": \"\",\n  \"lineItems\": [],\n  \"totalPriceTaxExcl\": 0,\n  \"totalPriceTaxIncl\": 0\n}",
        "scope": "global"
      },
      "scope": "global",
      "id": "778566ab-7aec-439a-bddd-373dae3558c9",
      "index": 57,
      "timestamp": "2025-04-28T10:32:27.889Z",
      "hash": "RemfNqAEeiUQH1920Kp4TY5KMhs=",
      "skip": 0
    },
    {
      "context": {
        "signer": {
          "app": {
            "name": "Connect",
            "key": "did:key:zDnaehzX7USm4PDiPCeFJkY9zBVQQdtvsk5NsH3vYh6dvoC9b"
          },
          "user": {
            "address": "0xadbA7C2F82139031D7564D18aC22D09B12A0BcA4",
            "networkId": "eip155",
            "chainId": 1
          },
          "signatures": []
        }
      },
      "type": "SET_STATE_SCHEMA",
      "input": {
        "schema": "type InvoiceState {\n  invoiceNo: String!\n  dateIssued: String!\n  dateDue: String!\n  dateDelivered: String\n  status: Status!\n  refs: [Ref!]!\n  issuer: LegalEntity!\n  payer: LegalEntity!\n  currency: String!\n  lineItems: [InvoiceLineItem!]!\n  totalPriceTaxExcl: Float!\n  totalPriceTaxIncl: Float!\n}\n\ntype Ref {\n  id: OID!\n  value: String!\n}\n\ntype Token {\n  evmAddress: String\n  symbol: String\n  chainName: String\n  chainId: String\n  rpc: String\n}\n\ntype LegalEntity {\n  id: LegalEntityId\n  name: String\n  address: Address\n  contactInfo: ContactInfo\n  country: String\n  paymentRouting: PaymentRouting\n}\n\ntype Address {\n  streetAddress: String\n  extendedAddress: String\n  city: String\n  postalCode: String\n  country: String\n  stateProvince: String\n}\n\ntype ContactInfo {\n  tel: String\n  email: String\n}\n\ntype PaymentRouting {\n  bank: Bank\n  wallet: InvoiceWallet\n}\n\ntype Bank {\n  name: String!\n  address: Address!\n  ABA: String\n  BIC: String\n  SWIFT: String\n  accountNum: String!\n  accountType: AccountType\n  beneficiary: String\n  intermediaryBank: IntermediaryBank\n  memo: String\n}\n\ntype IntermediaryBank {\n  name: String!\n  address: Address!\n  ABA: String\n  BIC: String\n  SWIFT: String\n  accountNum: String!\n  accountType: AccountType\n  beneficiary: String\n  memo: String\n}\n\ntype InvoiceWallet {\n  rpc: String\n  chainName: String\n  chainId: String\n  address: String\n}\n\ntype InvoiceLineItem {\n  id: OID!\n  description: String!\n  taxPercent: Float!\n  quantity: Float!\n  currency: String!\n  unitPriceTaxExcl: Float!\n  unitPriceTaxIncl: Float!\n  totalPriceTaxExcl: Float!\n  totalPriceTaxIncl: Float!\n}\n\nunion LegalEntityId = LegalEntityTaxId | LegalEntityCorporateRegistrationId\n\ntype LegalEntityTaxId {\n  taxId: String!\n}\n\ntype LegalEntityCorporateRegistrationId {\n  corpRegId: String!\n}\n\nenum Status {\n  DRAFT\n  ISSUED\n  ACCEPTED\n  REJECTED\n  PAYMENTSCHEDULED\n  PAYMENTSENT\n  PAYMENTISSUE\n  PAYMENTRECEIVED\n}\n\nenum AccountType {\n  CHECKING\n  SAVINGS\n  TRUST\n  WALLET\n}",
        "scope": "global"
      },
      "scope": "global",
      "id": "5eeec7aa-935d-43bc-884d-2a36ce9fe2bb",
      "index": 58,
      "timestamp": "2025-05-19T14:34:00.293Z",
      "hash": "AzqOsFVj1XtiojuoXUkO5/5nb5U=",
      "skip": 0
    },
    {
      "context": {
        "signer": {
          "app": {
            "name": "Connect",
            "key": "did:key:zDnaehzX7USm4PDiPCeFJkY9zBVQQdtvsk5NsH3vYh6dvoC9b"
          },
          "user": {
            "address": "0xadbA7C2F82139031D7564D18aC22D09B12A0BcA4",
            "networkId": "eip155",
            "chainId": 1
          },
          "signatures": []
        }
      },
      "type": "SET_STATE_SCHEMA",
      "input": {
        "schema": "type InvoiceState {\n  invoiceNo: String!\n  dateIssued: String!\n  dateDue: String!\n  dateDelivered: String\n  status: Status!\n  refs: [Ref!]!\n  issuer: LegalEntity!\n  payer: LegalEntity!\n  currency: String!\n  lineItems: [InvoiceLineItem!]!\n  totalPriceTaxExcl: Float!\n  totalPriceTaxIncl: Float!\n}\n\ntype Ref {\n  id: OID!\n  value: String!\n}\n\ntype Token {\n  evmAddress: String\n  symbol: String\n  chainName: String\n  chainId: String\n  rpc: String\n}\n\ntype LegalEntity {\n  id: LegalEntityId\n  name: String\n  address: Address\n  contactInfo: ContactInfo\n  country: String\n  paymentRouting: PaymentRouting\n}\n\ntype Address {\n  streetAddress: String\n  extendedAddress: String\n  city: String\n  postalCode: String\n  country: String\n  stateProvince: String\n}\n\ntype ContactInfo {\n  tel: String\n  email: String\n}\n\ntype PaymentRouting {\n  bank: Bank\n  wallet: InvoiceWallet\n}\n\ntype Bank {\n  name: String!\n  address: Address!\n  ABA: String\n  BIC: String\n  SWIFT: String\n  accountNum: String!\n  accountType: AccountType\n  beneficiary: String\n  intermediaryBank: IntermediaryBank\n  memo: String\n}\n\ntype IntermediaryBank {\n  name: String!\n  address: Address!\n  ABA: String\n  BIC: String\n  SWIFT: String\n  accountNum: String!\n  accountType: AccountType\n  beneficiary: String\n  memo: String\n}\n\ntype InvoiceWallet {\n  rpc: String\n  chainName: String\n  chainId: String\n  address: String\n}\n\ntype InvoiceLineItem {\n  id: OID!\n  description: String!\n  taxPercent: Float!\n  quantity: Float!\n  currency: String!\n  unitPriceTaxExcl: Float!\n  unitPriceTaxIncl: Float!\n  totalPriceTaxExcl: Float!\n  totalPriceTaxIncl: Float!\n}\n\nunion LegalEntityId = LegalEntityTaxId | LegalEntityCorporateRegistrationId\n\ntype LegalEntityTaxId {\n  taxId: String!\n}\n\ntype LegalEntityCorporateRegistrationId {\n  corpRegId: String!\n}\n\nenum Status {\n  DRAFT\n  ISSUED\n  ACCEPTED\n  REJECTED\n  AWAITINGPAYMENT\n  PAYMENTSCHEDULED\n  PAYMENTSENT\n  PAYMENTISSUE\n  PAYMENTRECEIVED\n}\n\nenum AccountType {\n  CHECKING\n  SAVINGS\n  TRUST\n  WALLET\n}",
        "scope": "global"
      },
      "scope": "global",
      "id": "8cd9678b-5684-4043-82ba-31ce8c9f2927",
      "index": 59,
      "timestamp": "2025-05-19T14:34:36.110Z",
      "hash": "tXpbF+HTQAjP4kOb6g6IAsW8OCY=",
      "skip": 0
    },
    {
      "context": {
        "signer": {
          "app": {
            "name": "Connect",
            "key": "did:key:zDnaehzX7USm4PDiPCeFJkY9zBVQQdtvsk5NsH3vYh6dvoC9b"
          },
          "user": {
            "address": "0xadbA7C2F82139031D7564D18aC22D09B12A0BcA4",
            "networkId": "eip155",
            "chainId": 1
          },
          "signatures": []
        }
      },
      "type": "SET_STATE_SCHEMA",
      "input": {
        "schema": "type InvoiceState {\n  invoiceNo: String!\n  dateIssued: String!\n  dateDue: String!\n  dateDelivered: String\n  status: Status!\n  refs: [Ref!]!\n  issuer: LegalEntity!\n  payer: LegalEntity!\n  currency: String!\n  lineItems: [InvoiceLineItem!]!\n  totalPriceTaxExcl: Float!\n  totalPriceTaxIncl: Float!\n}\n\ntype Ref {\n  id: OID!\n  value: String!\n}\n\ntype Token {\n  evmAddress: String\n  symbol: String\n  chainName: String\n  chainId: String\n  rpc: String\n}\n\ntype LegalEntity {\n  id: LegalEntityId\n  name: String\n  address: Address\n  contactInfo: ContactInfo\n  country: String\n  paymentRouting: PaymentRouting\n}\n\ntype Address {\n  streetAddress: String\n  extendedAddress: String\n  city: String\n  postalCode: String\n  country: String\n  stateProvince: String\n}\n\ntype ContactInfo {\n  tel: String\n  email: String\n}\n\ntype PaymentRouting {\n  bank: Bank\n  wallet: InvoiceWallet\n}\n\ntype Bank {\n  name: String!\n  address: Address!\n  ABA: String\n  BIC: String\n  SWIFT: String\n  accountNum: String!\n  accountType: AccountType\n  beneficiary: String\n  intermediaryBank: IntermediaryBank\n  memo: String\n}\n\ntype IntermediaryBank {\n  name: String!\n  address: Address!\n  ABA: String\n  BIC: String\n  SWIFT: String\n  accountNum: String!\n  accountType: AccountType\n  beneficiary: String\n  memo: String\n}\n\ntype InvoiceWallet {\n  rpc: String\n  chainName: String\n  chainId: String\n  address: String\n}\n\ntype InvoiceLineItem {\n  id: OID!\n  description: String!\n  taxPercent: Float!\n  quantity: Float!\n  currency: String!\n  unitPriceTaxExcl: Float!\n  unitPriceTaxIncl: Float!\n  totalPriceTaxExcl: Float!\n  totalPriceTaxIncl: Float!\n}\n\nunion LegalEntityId = LegalEntityTaxId | LegalEntityCorporateRegistrationId\n\ntype LegalEntityTaxId {\n  taxId: String!\n}\n\ntype LegalEntityCorporateRegistrationId {\n  corpRegId: String!\n}\n\nenum Status {\n  DRAFT\n  ISSUED\n  CANCELLED\n  ACCEPTED\n  REJECTED\n  AWAITINGPAYMENT\n  PAYMENTSCHEDULED\n  PAYMENTSENT\n  PAYMENTISSUE\n  PAYMENTRECEIVED\n}\n\nenum AccountType {\n  CHECKING\n  SAVINGS\n  TRUST\n  WALLET\n}",
        "scope": "global"
      },
      "scope": "global",
      "id": "9641b010-f923-4b04-90f2-331caafb77c5",
      "index": 60,
      "timestamp": "2025-05-19T14:36:19.016Z",
      "hash": "61gKGf4wkwsJpMRFZFMew2H0nDI=",
      "skip": 0
    },
    {
      "context": {
        "signer": {
          "app": {
            "name": "Connect",
            "key": "did:key:zDnaehzX7USm4PDiPCeFJkY9zBVQQdtvsk5NsH3vYh6dvoC9b"
          },
          "user": {
            "address": "0xadbA7C2F82139031D7564D18aC22D09B12A0BcA4",
            "networkId": "eip155",
            "chainId": 1
          },
          "signatures": []
        }
      },
      "type": "SET_STATE_SCHEMA",
      "input": {
        "schema": "type InvoiceState {\n  invoiceNo: String!\n  dateIssued: String!\n  dateDue: String!\n  dateDelivered: String\n  status: Status!\n  refs: [Ref!]!\n  issuer: LegalEntity!\n  payer: LegalEntity!\n  currency: String!\n  lineItems: [InvoiceLineItem!]!\n  totalPriceTaxExcl: Float!\n  totalPriceTaxIncl: Float!\n}\n\ntype Ref {\n  id: OID!\n  value: String!\n}\n\ntype Token {\n  evmAddress: String\n  symbol: String\n  chainName: String\n  chainId: String\n  rpc: String\n}\n\ntype LegalEntity {\n  id: LegalEntityId\n  name: String\n  address: Address\n  contactInfo: ContactInfo\n  country: String\n  paymentRouting: PaymentRouting\n}\n\ntype Address {\n  streetAddress: String\n  extendedAddress: String\n  city: String\n  postalCode: String\n  country: String\n  stateProvince: String\n}\n\ntype ContactInfo {\n  tel: String\n  email: String\n}\n\ntype PaymentRouting {\n  bank: Bank\n  wallet: InvoiceWallet\n}\n\ntype Bank {\n  name: String!\n  address: Address!\n  ABA: String\n  BIC: String\n  SWIFT: String\n  accountNum: String!\n  accountType: AccountType\n  beneficiary: String\n  intermediaryBank: IntermediaryBank\n  memo: String\n}\n\ntype IntermediaryBank {\n  name: String!\n  address: Address!\n  ABA: String\n  BIC: String\n  SWIFT: String\n  accountNum: String!\n  accountType: AccountType\n  beneficiary: String\n  memo: String\n}\n\ntype InvoiceWallet {\n  rpc: String\n  chainName: String\n  chainId: String\n  address: String\n}\n\ntype InvoiceLineItem {\n  id: OID!\n  description: String!\n  taxPercent: Float!\n  quantity: Float!\n  currency: String!\n  unitPriceTaxExcl: Float!\n  unitPriceTaxIncl: Float!\n  totalPriceTaxExcl: Float!\n  totalPriceTaxIncl: Float!\n}\n\nunion LegalEntityId = LegalEntityTaxId | LegalEntityCorporateRegistrationId\n\ntype LegalEntityTaxId {\n  taxId: String!\n}\n\ntype LegalEntityCorporateRegistrationId {\n  corpRegId: String!\n}\n\nenum Status {\n  DRAFT\n  ISSUED\n  CANCELLED\n  ACCEPTED\n  REJECTED\n  AWAITINGPAYMENT\n  PAYMENTSCHEDULED\n  PAYMENTSENT\n  PAYMENTISSUE\n  PAYMENTRECEIVED\n}\n\nenum InvoiceAccountType {\n  CHECKING\n  SAVINGS\n  TRUST\n  WALLET\n}",
        "scope": "global"
      },
      "scope": "global",
      "id": "c01b2640-6cfd-4dc1-96e8-43a9b4a46c58",
      "index": 61,
      "timestamp": "2025-05-19T14:55:15.532Z",
      "hash": "CF+51yZb65TUcpuheGCyL6ZftD4=",
      "skip": 0
    },
    {
      "context": {
        "signer": {
          "app": {
            "name": "Connect",
            "key": "did:key:zDnaehzX7USm4PDiPCeFJkY9zBVQQdtvsk5NsH3vYh6dvoC9b"
          },
          "user": {
            "address": "0xadbA7C2F82139031D7564D18aC22D09B12A0BcA4",
            "networkId": "eip155",
            "chainId": 1
          },
          "signatures": []
        }
      },
      "type": "SET_STATE_SCHEMA",
      "input": {
        "schema": "type InvoiceState {\n  invoiceNo: String!\n  dateIssued: String!\n  dateDue: String!\n  dateDelivered: String\n  status: Status!\n  refs: [Ref!]!\n  issuer: LegalEntity!\n  payer: LegalEntity!\n  currency: String!\n  lineItems: [InvoiceLineItem!]!\n  totalPriceTaxExcl: Float!\n  totalPriceTaxIncl: Float!\n}\n\ntype Ref {\n  id: OID!\n  value: String!\n}\n\ntype Token {\n  evmAddress: String\n  symbol: String\n  chainName: String\n  chainId: String\n  rpc: String\n}\n\ntype LegalEntity {\n  id: LegalEntityId\n  name: String\n  address: Address\n  contactInfo: ContactInfo\n  country: String\n  paymentRouting: PaymentRouting\n}\n\ntype Address {\n  streetAddress: String\n  extendedAddress: String\n  city: String\n  postalCode: String\n  country: String\n  stateProvince: String\n}\n\ntype ContactInfo {\n  tel: String\n  email: String\n}\n\ntype PaymentRouting {\n  bank: Bank\n  wallet: InvoiceWallet\n}\n\ntype Bank {\n  name: String!\n  address: Address!\n  ABA: String\n  BIC: String\n  SWIFT: String\n  accountNum: String!\n  accountType: AccountType\n  beneficiary: String\n  intermediaryBank: IntermediaryBank\n  memo: String\n}\n\ntype IntermediaryBank {\n  name: String!\n  address: Address!\n  ABA: String\n  BIC: String\n  SWIFT: String\n  accountNum: String!\n  accountType: AccountType\n  beneficiary: String\n  memo: String\n}\n\ntype InvoiceWallet {\n  rpc: String\n  chainName: String\n  chainId: String\n  address: String\n}\n\ntype InvoiceLineItem {\n  id: OID!\n  description: String!\n  taxPercent: Float!\n  quantity: Float!\n  currency: String!\n  unitPriceTaxExcl: Float!\n  unitPriceTaxIncl: Float!\n  totalPriceTaxExcl: Float!\n  totalPriceTaxIncl: Float!\n}\n\nunion LegalEntityId = LegalEntityTaxId | LegalEntityCorporateRegistrationId\n\ntype LegalEntityTaxId {\n  taxId: String!\n}\n\ntype LegalEntityCorporateRegistrationId {\n  corpRegId: String!\n}\n\nenum Status {\n  DRAFT\n  ISSUED\n  CANCELLED\n  ACCEPTED\n  REJECTED\n  AWAITINGPAYMENT\n  PAYMENTSCHEDULED\n  PAYMENTSENT\n  PAYMENTISSUE\n  PAYMENTRECEIVED\n}\n\nenum InvoiceAccountType {\n  CHECKING\n  SAVINGS\n  TRUST\n  WALLET\n}",
        "scope": "global"
      },
      "scope": "global",
      "id": "50b8ebd6-c07c-4935-93be-85678f738d4f",
      "index": 62,
      "timestamp": "2025-05-19T14:55:15.538Z",
      "hash": "CF+51yZb65TUcpuheGCyL6ZftD4=",
      "skip": 0
    },
    {
      "context": {
        "signer": {
          "app": {
            "name": "Connect",
            "key": "did:key:zDnaehzX7USm4PDiPCeFJkY9zBVQQdtvsk5NsH3vYh6dvoC9b"
          },
          "user": {
            "address": "0xadbA7C2F82139031D7564D18aC22D09B12A0BcA4",
            "networkId": "eip155",
            "chainId": 1
          },
          "signatures": []
        }
      },
      "type": "SET_STATE_SCHEMA",
      "input": {
        "schema": "type InvoiceState {\n  invoiceNo: String!\n  dateIssued: String!\n  dateDue: String!\n  dateDelivered: String\n  status: Status!\n  refs: [Ref!]!\n  issuer: LegalEntity!\n  payer: LegalEntity!\n  currency: String!\n  lineItems: [InvoiceLineItem!]!\n  totalPriceTaxExcl: Float!\n  totalPriceTaxIncl: Float!\n}\n\ntype Ref {\n  id: OID!\n  value: String!\n}\n\ntype Token {\n  evmAddress: String\n  symbol: String\n  chainName: String\n  chainId: String\n  rpc: String\n}\n\ntype LegalEntity {\n  id: LegalEntityId\n  name: String\n  address: Address\n  contactInfo: ContactInfo\n  country: String\n  paymentRouting: PaymentRouting\n}\n\ntype Address {\n  streetAddress: String\n  extendedAddress: String\n  city: String\n  postalCode: String\n  country: String\n  stateProvince: String\n}\n\ntype ContactInfo {\n  tel: String\n  email: String\n}\n\ntype PaymentRouting {\n  bank: Bank\n  wallet: InvoiceWallet\n}\n\ntype Bank {\n  name: String!\n  address: Address!\n  ABA: String\n  BIC: String\n  SWIFT: String\n  accountNum: String!\n  accountType: InvoiceAccountType\n  beneficiary: String\n  intermediaryBank: IntermediaryBank\n  memo: String\n}\n\ntype IntermediaryBank {\n  name: String!\n  address: Address!\n  ABA: String\n  BIC: String\n  SWIFT: String\n  accountNum: String!\n  accountType: InvoiceAccountType\n  beneficiary: String\n  memo: String\n}\n\ntype InvoiceWallet {\n  rpc: String\n  chainName: String\n  chainId: String\n  address: String\n}\n\ntype InvoiceLineItem {\n  id: OID!\n  description: String!\n  taxPercent: Float!\n  quantity: Float!\n  currency: String!\n  unitPriceTaxExcl: Float!\n  unitPriceTaxIncl: Float!\n  totalPriceTaxExcl: Float!\n  totalPriceTaxIncl: Float!\n}\n\nunion LegalEntityId = LegalEntityTaxId | LegalEntityCorporateRegistrationId\n\ntype LegalEntityTaxId {\n  taxId: String!\n}\n\ntype LegalEntityCorporateRegistrationId {\n  corpRegId: String!\n}\n\nenum Status {\n  DRAFT\n  ISSUED\n  CANCELLED\n  ACCEPTED\n  REJECTED\n  AWAITINGPAYMENT\n  PAYMENTSCHEDULED\n  PAYMENTSENT\n  PAYMENTISSUE\n  PAYMENTRECEIVED\n}\n\nenum InvoiceAccountType {\n  CHECKING\n  SAVINGS\n  TRUST\n  WALLET\n}",
        "scope": "global"
      },
      "scope": "global",
      "id": "6b25eebf-6273-45d5-89f2-d839fa5d5abb",
      "index": 63,
      "timestamp": "2025-05-19T14:56:08.704Z",
      "hash": "/7q18JFvyupbCLgDyeITnEdBLiI=",
      "skip": 0
    },
    {
      "context": {
        "signer": {
          "app": {
            "name": "Connect",
            "key": "did:key:zDnaehzX7USm4PDiPCeFJkY9zBVQQdtvsk5NsH3vYh6dvoC9b"
          },
          "user": {
            "address": "0xadbA7C2F82139031D7564D18aC22D09B12A0BcA4",
            "networkId": "eip155",
            "chainId": 1
          },
          "signatures": []
        }
      },
      "type": "SET_OPERATION_SCHEMA",
      "input": {
        "id": "XtXz6W0lScsBwPkaWofR9LtWjm0=",
        "schema": "input EditIssuerWalletInput {\n    rpc: String\n    chainName: String\n    chainId: String\n    address: String\n}\n\nenum InvoiceAccountTypeInput {\n  CHECKING\n  SAVINGS\n  TRUST\n  WALLET\n}"
      },
      "scope": "global",
      "id": "909500eb-2db5-4f59-890b-6ebec1c4d500",
      "index": 64,
      "timestamp": "2025-05-19T14:56:38.619Z",
      "hash": "BqtMLtUigBXJXJHdXpsK9em24X0=",
      "skip": 0
    },
    {
      "context": {
        "signer": {
          "app": {
            "name": "Connect",
            "key": "did:key:zDnaehzX7USm4PDiPCeFJkY9zBVQQdtvsk5NsH3vYh6dvoC9b"
          },
          "user": {
            "address": "0xadbA7C2F82139031D7564D18aC22D09B12A0BcA4",
            "networkId": "eip155",
            "chainId": 1
          },
          "signatures": []
        }
      },
      "type": "SET_OPERATION_SCHEMA",
      "input": {
        "id": "XtXz6W0lScsBwPkaWofR9LtWjm0=",
        "schema": "input EditIssuerWalletInput {\n    rpc: String\n    chainName: String\n    chainId: String\n    address: String\n}\n\nenum InvoiceAccountTypeInput {\n  CHECKING\n  SAVINGS\n  TRUST\n  WALLET\n}"
      },
      "scope": "global",
      "id": "9d3983f4-6844-49d2-a04e-f438c23b5926",
      "index": 65,
      "timestamp": "2025-05-19T14:56:38.621Z",
      "hash": "BqtMLtUigBXJXJHdXpsK9em24X0=",
      "skip": 0
    },
    {
      "context": {
        "signer": {
          "app": {
            "name": "Connect",
            "key": "did:key:zDnaehzX7USm4PDiPCeFJkY9zBVQQdtvsk5NsH3vYh6dvoC9b"
          },
          "user": {
            "address": "0xadbA7C2F82139031D7564D18aC22D09B12A0BcA4",
            "networkId": "eip155",
            "chainId": 1
          },
          "signatures": []
        }
      },
      "type": "SET_OPERATION_SCHEMA",
      "input": {
        "id": "nq2GFV2bmGet6sNlA2XytS7cPA0=",
        "schema": "input EditIssuerBankInput {\n  name: String\n    streetAddress: String\n    extendedAddress: String\n    city: String\n    postalCode: String\n    country: String\n    stateProvince: String\n    ABA: String\n    BIC: String\n    SWIFT: String\n    accountNum: String\n    accountType: InvoiceAccountTypeInput\n    beneficiary: String\n    memo: String\n    # intermediaryBank\n    nameIntermediary: String\n    streetAddressIntermediary: String\n    extendedAddressIntermediary: String\n    cityIntermediary: String\n    postalCodeIntermediary: String\n    countryIntermediary: String\n    stateProvinceIntermediary: String\n    ABAIntermediary: String\n    BICIntermediary: String\n    SWIFTIntermediary: String\n    accountNumIntermediary: String\n    accountTypeIntermediary: AccountType\n    beneficiaryIntermediary: String\n    memoIntermediary: String\n}"
      },
      "scope": "global",
      "id": "d14e6eb9-8793-4420-a920-31b59ddc30df",
      "index": 66,
      "timestamp": "2025-05-19T14:56:40.488Z",
      "hash": "9kgD4ll0ETNmy6qBim1jiKmpsko=",
      "skip": 0
    },
    {
      "context": {
        "signer": {
          "app": {
            "name": "Connect",
            "key": "did:key:zDnaehzX7USm4PDiPCeFJkY9zBVQQdtvsk5NsH3vYh6dvoC9b"
          },
          "user": {
            "address": "0xadbA7C2F82139031D7564D18aC22D09B12A0BcA4",
            "networkId": "eip155",
            "chainId": 1
          },
          "signatures": []
        }
      },
      "type": "SET_OPERATION_SCHEMA",
      "input": {
        "id": "nq2GFV2bmGet6sNlA2XytS7cPA0=",
        "schema": "input EditIssuerBankInput {\n  name: String\n    streetAddress: String\n    extendedAddress: String\n    city: String\n    postalCode: String\n    country: String\n    stateProvince: String\n    ABA: String\n    BIC: String\n    SWIFT: String\n    accountNum: String\n    accountType: InvoiceAccountTypeInput\n    beneficiary: String\n    memo: String\n    # intermediaryBank\n    nameIntermediary: String\n    streetAddressIntermediary: String\n    extendedAddressIntermediary: String\n    cityIntermediary: String\n    postalCodeIntermediary: String\n    countryIntermediary: String\n    stateProvinceIntermediary: String\n    ABAIntermediary: String\n    BICIntermediary: String\n    SWIFTIntermediary: String\n    accountNumIntermediary: String\n    accountTypeIntermediary: InvoiceAccountTypeInput\n    beneficiaryIntermediary: String\n    memoIntermediary: String\n}"
      },
      "scope": "global",
      "id": "a5c907f7-38b7-4504-82cd-aff23451201d",
      "index": 67,
      "timestamp": "2025-05-19T14:56:43.957Z",
      "hash": "b3600C+PZbAeSV6yLvW8g/XrlkE=",
      "skip": 0
    },
    {
      "context": {
        "signer": {
          "app": {
            "name": "Connect",
            "key": "did:key:zDnaehzX7USm4PDiPCeFJkY9zBVQQdtvsk5NsH3vYh6dvoC9b"
          },
          "user": {
            "address": "0xadbA7C2F82139031D7564D18aC22D09B12A0BcA4",
            "networkId": "eip155",
            "chainId": 1
          },
          "signatures": []
        }
      },
      "type": "SET_OPERATION_SCHEMA",
      "input": {
        "id": "nq2GFV2bmGet6sNlA2XytS7cPA0=",
        "schema": "input EditIssuerBankInput {\n  name: String\n    streetAddress: String\n    extendedAddress: String\n    city: String\n    postalCode: String\n    country: String\n    stateProvince: String\n    ABA: String\n    BIC: String\n    SWIFT: String\n    accountNum: String\n    accountType: InvoiceAccountTypeInput\n    beneficiary: String\n    memo: String\n    # intermediaryBank\n    nameIntermediary: String\n    streetAddressIntermediary: String\n    extendedAddressIntermediary: String\n    cityIntermediary: String\n    postalCodeIntermediary: String\n    countryIntermediary: String\n    stateProvinceIntermediary: String\n    ABAIntermediary: String\n    BICIntermediary: String\n    SWIFTIntermediary: String\n    accountNumIntermediary: String\n    accountTypeIntermediary: InvoiceAccountTypeInput\n    beneficiaryIntermediary: String\n    memoIntermediary: String\n}"
      },
      "scope": "global",
      "id": "afff2450-1795-41d6-88d8-302174eb8a9e",
      "index": 68,
      "timestamp": "2025-05-19T14:56:43.958Z",
      "hash": "b3600C+PZbAeSV6yLvW8g/XrlkE=",
      "skip": 0
    },
    {
      "context": {
        "signer": {
          "app": {
            "name": "Connect",
            "key": "did:key:zDnaehzX7USm4PDiPCeFJkY9zBVQQdtvsk5NsH3vYh6dvoC9b"
          },
          "user": {
            "address": "0xadbA7C2F82139031D7564D18aC22D09B12A0BcA4",
            "networkId": "eip155",
            "chainId": 1
          },
          "signatures": []
        }
      },
      "type": "SET_OPERATION_SCHEMA",
      "input": {
        "id": "XtXz6W0lScsBwPkaWofR9LtWjm0=",
        "schema": "input EditIssuerWalletInput {\n    rpc: String\n    chainName: String\n    chainId: String\n    address: String\n}\n\n"
      },
      "scope": "global",
      "id": "14fafa2b-2950-4a6f-9395-57fa75532c31",
      "index": 69,
      "timestamp": "2025-05-19T14:57:13.098Z",
      "hash": "q25VtH3eQS1AiHAHl5Dh6YOP6Nc=",
      "skip": 0
    },
    {
      "context": {
        "signer": {
          "app": {
            "name": "Connect",
            "key": "did:key:zDnaehzX7USm4PDiPCeFJkY9zBVQQdtvsk5NsH3vYh6dvoC9b"
          },
          "user": {
            "address": "0xadbA7C2F82139031D7564D18aC22D09B12A0BcA4",
            "networkId": "eip155",
            "chainId": 1
          },
          "signatures": []
        }
      },
      "type": "SET_OPERATION_SCHEMA",
      "input": {
        "id": "XtXz6W0lScsBwPkaWofR9LtWjm0=",
        "schema": "input EditIssuerWalletInput {\n    rpc: String\n    chainName: String\n    chainId: String\n    address: String\n}\n\n"
      },
      "scope": "global",
      "id": "8239db39-c8b5-46c7-9561-77c2600b77de",
      "index": 70,
      "timestamp": "2025-05-19T14:57:13.100Z",
      "hash": "q25VtH3eQS1AiHAHl5Dh6YOP6Nc=",
      "skip": 0
    },
    {
      "context": {
        "signer": {
          "app": {
            "name": "Connect",
            "key": "did:key:zDnaehzX7USm4PDiPCeFJkY9zBVQQdtvsk5NsH3vYh6dvoC9b"
          },
          "user": {
            "address": "0xadbA7C2F82139031D7564D18aC22D09B12A0BcA4",
            "networkId": "eip155",
            "chainId": 1
          },
          "signatures": []
        }
      },
      "type": "SET_STATE_SCHEMA",
      "input": {
        "schema": "type InvoiceState {\n  invoiceNo: String!\n  dateIssued: String!\n  dateDue: String!\n  dateDelivered: String\n  status: Status!\n  refs: [Ref!]!\n  issuer: LegalEntity!\n  payer: LegalEntity!\n  currency: String!\n  lineItems: [InvoiceLineItem!]!\n  totalPriceTaxExcl: Float!\n  totalPriceTaxIncl: Float!\n}\n\ntype Ref {\n  id: OID!\n  value: String!\n}\n\ntype Token {\n  evmAddress: String\n  symbol: String\n  chainName: String\n  chainId: String\n  rpc: String\n}\n\ntype LegalEntity {\n  id: LegalEntityId\n  name: String\n  address: Address\n  contactInfo: ContactInfo\n  country: String\n  paymentRouting: PaymentRouting\n}\n\ntype Address {\n  streetAddress: String\n  extendedAddress: String\n  city: String\n  postalCode: String\n  country: String\n  stateProvince: String\n}\n\ntype ContactInfo {\n  tel: String\n  email: String\n}\n\ntype PaymentRouting {\n  bank: Bank\n  wallet: InvoiceWallet\n}\n\ntype Bank {\n  name: String!\n  address: Address!\n  ABA: String\n  BIC: String\n  SWIFT: String\n  accountNum: String!\n  accountType: InvoiceAccountType\n  beneficiary: String\n  intermediaryBank: IntermediaryBank\n  memo: String\n}\n\ntype IntermediaryBank {\n  name: String!\n  address: Address!\n  ABA: String\n  BIC: String\n  SWIFT: String\n  accountNum: String!\n  accountType: InvoiceAccountType\n  beneficiary: String\n  memo: String\n}\n\ntype InvoiceWallet {\n  rpc: String\n  chainName: String\n  chainId: String\n  address: String\n}\n\ntype InvoiceLineItem {\n  id: OID!\n  description: String!\n  taxPercent: Float!\n  quantity: Float!\n  currency: String!\n  unitPriceTaxExcl: Float!\n  unitPriceTaxIncl: Float!\n  totalPriceTaxExcl: Float!\n  totalPriceTaxIncl: Float!\n}\n\nunion LegalEntityId = LegalEntityTaxId | LegalEntityCorporateRegistrationId\n\ntype LegalEntityTaxId {\n  taxId: String!\n}\n\ntype LegalEntityCorporateRegistrationId {\n  corpRegId: String!\n}\n\nenum Status {\n  DRAFT\n  ISSUED\n  CANCELLED\n  ACCEPTED\n  REJECTED\n  AWAITINGPAYMENT\n  PAYMENTSCHEDULED\n  PAYMENTSENT\n  PAYMENTISSUE\n  PAYMENTRECEIVED\n}\n\nenum InvoiceAccountType {\n  CHECKING\n  SAVINGS\n  TRUST\n  WALLET\n}\n\nenum InvoiceAccountTypeInput {\n  CHECKING\n  SAVINGS\n  TRUST\n  WALLET\n}",
        "scope": "global"
      },
      "scope": "global",
      "id": "ae591788-9bee-4d80-a1a2-625fca158262",
      "index": 71,
      "timestamp": "2025-05-19T14:57:15.627Z",
      "hash": "WuCwBlNpkGBIXqppL8+YXWAzjkU=",
      "skip": 0
    },
    {
      "context": {
        "signer": {
          "app": {
            "name": "Connect",
            "key": "did:key:zDnaehzX7USm4PDiPCeFJkY9zBVQQdtvsk5NsH3vYh6dvoC9b"
          },
          "user": {
            "address": "0xadbA7C2F82139031D7564D18aC22D09B12A0BcA4",
            "networkId": "eip155",
            "chainId": 1
          },
          "signatures": []
        }
      },
      "type": "SET_STATE_SCHEMA",
      "input": {
        "schema": "type InvoiceState {\n  invoiceNo: String!\n  dateIssued: String!\n  dateDue: String!\n  dateDelivered: String\n  status: Status!\n  refs: [Ref!]!\n  issuer: LegalEntity!\n  payer: LegalEntity!\n  currency: String!\n  lineItems: [InvoiceLineItem!]!\n  totalPriceTaxExcl: Float!\n  totalPriceTaxIncl: Float!\n}\n\ntype Ref {\n  id: OID!\n  value: String!\n}\n\ntype Token {\n  evmAddress: String\n  symbol: String\n  chainName: String\n  chainId: String\n  rpc: String\n}\n\ntype LegalEntity {\n  id: LegalEntityId\n  name: String\n  address: Address\n  contactInfo: ContactInfo\n  country: String\n  paymentRouting: PaymentRouting\n}\n\ntype Address {\n  streetAddress: String\n  extendedAddress: String\n  city: String\n  postalCode: String\n  country: String\n  stateProvince: String\n}\n\ntype ContactInfo {\n  tel: String\n  email: String\n}\n\ntype PaymentRouting {\n  bank: Bank\n  wallet: InvoiceWallet\n}\n\ntype Bank {\n  name: String!\n  address: Address!\n  ABA: String\n  BIC: String\n  SWIFT: String\n  accountNum: String!\n  accountType: InvoiceAccountType\n  beneficiary: String\n  intermediaryBank: IntermediaryBank\n  memo: String\n}\n\ntype IntermediaryBank {\n  name: String!\n  address: Address!\n  ABA: String\n  BIC: String\n  SWIFT: String\n  accountNum: String!\n  accountType: InvoiceAccountType\n  beneficiary: String\n  memo: String\n}\n\ntype InvoiceWallet {\n  rpc: String\n  chainName: String\n  chainId: String\n  address: String\n}\n\ntype InvoiceLineItem {\n  id: OID!\n  description: String!\n  taxPercent: Float!\n  quantity: Float!\n  currency: String!\n  unitPriceTaxExcl: Float!\n  unitPriceTaxIncl: Float!\n  totalPriceTaxExcl: Float!\n  totalPriceTaxIncl: Float!\n}\n\nunion LegalEntityId = LegalEntityTaxId | LegalEntityCorporateRegistrationId\n\ntype LegalEntityTaxId {\n  taxId: String!\n}\n\ntype LegalEntityCorporateRegistrationId {\n  corpRegId: String!\n}\n\nenum Status {\n  DRAFT\n  ISSUED\n  CANCELLED\n  ACCEPTED\n  REJECTED\n  AWAITINGPAYMENT\n  PAYMENTSCHEDULED\n  PAYMENTSENT\n  PAYMENTISSUE\n  PAYMENTRECEIVED\n}\n\nenum InvoiceAccountType {\n  CHECKING\n  SAVINGS\n  TRUST\n  WALLET\n}\n\nenum InvoiceAccountTypeInput {\n  CHECKING\n  SAVINGS\n  TRUST\n  WALLET\n}",
        "scope": "global"
      },
      "scope": "global",
      "id": "d910482d-bc10-4e5e-a1ff-082daee55ef7",
      "index": 72,
      "timestamp": "2025-05-19T14:57:15.629Z",
      "hash": "WuCwBlNpkGBIXqppL8+YXWAzjkU=",
      "skip": 0
    },
    {
      "context": {
        "signer": {
          "app": {
            "name": "Connect",
            "key": "did:key:zDnaehzX7USm4PDiPCeFJkY9zBVQQdtvsk5NsH3vYh6dvoC9b"
          },
          "user": {
            "address": "0xadbA7C2F82139031D7564D18aC22D09B12A0BcA4",
            "networkId": "eip155",
            "chainId": 1
          },
          "signatures": []
        }
      },
      "type": "SET_OPERATION_SCHEMA",
      "input": {
        "id": "Ibn3ArEEpicKLmrfE37zsq78Qeg=",
        "schema": "input EditPayerBankInput {\n    name: String\n    streetAddress: String\n    extendedAddress: String\n    city: String\n    postalCode: String\n    country: String\n    stateProvince: String\n    ABA: String\n    BIC: String\n    SWIFT: String\n    accountNum: String\n    accountType: InvoiceAccountTypeInput\n    beneficiary: String\n    memo: String\n    # intermediaryBank\n    nameIntermediary: String\n    streetAddressIntermediary: String\n    extendedAddressIntermediary: String\n    cityIntermediary: String\n    postalCodeIntermediary: String\n    countryIntermediary: String\n    stateProvinceIntermediary: String\n    ABAIntermediary: String\n    BICIntermediary: String\n    SWIFTIntermediary: String\n    accountNumIntermediary: String\n    accountTypeIntermediary: AccountType\n    beneficiaryIntermediary: String\n    memoIntermediary: String\n}"
      },
      "scope": "global",
      "id": "504da83b-189c-4a00-b72e-d9cf5beea5a4",
      "index": 73,
      "timestamp": "2025-05-19T14:57:27.598Z",
      "hash": "pKgI/Y334DHshl5NBU5dUlsUxKU=",
      "skip": 0
    },
    {
      "context": {
        "signer": {
          "app": {
            "name": "Connect",
            "key": "did:key:zDnaehzX7USm4PDiPCeFJkY9zBVQQdtvsk5NsH3vYh6dvoC9b"
          },
          "user": {
            "address": "0xadbA7C2F82139031D7564D18aC22D09B12A0BcA4",
            "networkId": "eip155",
            "chainId": 1
          },
          "signatures": []
        }
      },
      "type": "SET_OPERATION_SCHEMA",
      "input": {
        "id": "Ibn3ArEEpicKLmrfE37zsq78Qeg=",
        "schema": "input EditPayerBankInput {\n    name: String\n    streetAddress: String\n    extendedAddress: String\n    city: String\n    postalCode: String\n    country: String\n    stateProvince: String\n    ABA: String\n    BIC: String\n    SWIFT: String\n    accountNum: String\n    accountType: InvoiceAccountTypeInput\n    beneficiary: String\n    memo: String\n    # intermediaryBank\n    nameIntermediary: String\n    streetAddressIntermediary: String\n    extendedAddressIntermediary: String\n    cityIntermediary: String\n    postalCodeIntermediary: String\n    countryIntermediary: String\n    stateProvinceIntermediary: String\n    ABAIntermediary: String\n    BICIntermediary: String\n    SWIFTIntermediary: String\n    accountNumIntermediary: String\n    accountTypeIntermediary: InvoiceAccountTypeInput\n    beneficiaryIntermediary: String\n    memoIntermediary: String\n}"
      },
      "scope": "global",
      "id": "3b1fd84d-c016-49ff-83a8-6076db0f6dd0",
      "index": 74,
      "timestamp": "2025-05-19T14:57:34.149Z",
      "hash": "HjBZPabn/UpLoLlnJPPr3wFGj/I=",
      "skip": 0
    }
  ],
  "local": []
}